[{"model": "contenttypes.contenttype", "fields": {"app_label": "admin", "model": "logentry"}}, {"model": "contenttypes.contenttype", "fields": {"app_label": "auth", "model": "permission"}}, {"model": "contenttypes.contenttype", "fields": {"app_label": "auth", "model": "group"}}, {"model": "contenttypes.contenttype", "fields": {"app_label": "auth", "model": "user"}}, {"model": "contenttypes.contenttype", "fields": {"app_label": "contenttypes", "model": "contenttype"}}, {"model": "contenttypes.contenttype", "fields": {"app_label": "sessions", "model": "session"}}, {"model": "contenttypes.contenttype", "fields": {"app_label": "hospital", "model": "staff"}}, {"model": "contenttypes.contenttype", "fields": {"app_label": "hospital", "model": "doctortype"}}, {"model": "contenttypes.contenttype", "fields": {"app_label": "hospital", "model": "patient"}}, {"model": "contenttypes.contenttype", "fields": {"app_label": "hospital", "model": "role"}}, {"model": "contenttypes.contenttype", "fields": {"app_label": "hospital", "model": "labtechniciandetails"}}, {"model": "contenttypes.contenttype", "fields": {"app_label": "hospital", "model": "appointment"}}, {"model": "contenttypes.contenttype", "fields": {"app_label": "hospital", "model": "patientdetails"}}, {"model": "contenttypes.contenttype", "fields": {"app_label": "hospital", "model": "patientvitals"}}, {"model": "contenttypes.contenttype", "fields": {"app_label": "hospital", "model": "staffdetails"}}, {"model": "contenttypes.contenttype", "fields": {"app_label": "hospital", "model": "doctordetails"}}, {"model": "contenttypes.contenttype", "fields": {"app_label": "accounts", "model": "emailotp"}}, {"model": "contenttypes.contenttype", "fields": {"app_label": "hospital", "model": "lab"}}, {"model": "contenttypes.contenttype", "fields": {"app_label": "hospital", "model": "labtestcategory"}}, {"model": "contenttypes.contenttype", "fields": {"app_label": "hospital", "model": "labtype"}}, {"model": "contenttypes.contenttype", "fields": {"app_label": "hospital", "model": "medicine"}}, {"model": "contenttypes.contenttype", "fields": {"app_label": "hospital", "model": "shift"}}, {"model": "contenttypes.contenttype", "fields": {"app_label": "hospital", "model": "targetorgan"}}, {"model": "contenttypes.contenttype", "fields": {"app_label": "hospital", "model": "diagnosis"}}, {"model": "contenttypes.contenttype", "fields": {"app_label": "hospital", "model": "followup"}}, {"model": "contenttypes.contenttype", "fields": {"app_label": "hospital", "model": "labtesttype"}}, {"model": "contenttypes.contenttype", "fields": {"app_label": "hospital", "model": "labtest"}}, {"model": "contenttypes.contenttype", "fields": {"app_label": "hospital", "model": "leave"}}, {"model": "contenttypes.contenttype", "fields": {"app_label": "hospital", "model": "prescription"}}, {"model": "contenttypes.contenttype", "fields": {"app_label": "hospital", "model": "prescribedmedicine"}}, {"model": "contenttypes.contenttype", "fields": {"app_label": "hospital", "model": "schedule"}}, {"model": "contenttypes.contenttype", "fields": {"app_label": "hospital", "model": "slot"}}, {"model": "contenttypes.contenttype", "fields": {"app_label": "transactions", "model": "transaction"}}, {"model": "hospital.role", "pk": 1, "fields": {"role_name": "Super Admin", "role_permissions": {"is_admin": true, "can_manage_doctors": true, "can_manage_lab_techs": true, "can_manage_roles": true, "can_create_admin": true}}}, {"model": "hospital.role", "pk": 2, "fields": {"role_name": "Doctor Admin", "role_permissions": {"is_admin": true, "can_manage_doctors": true, "can_manage_lab_techs": false, "can_manage_roles": false, "can_create_admin": false}}}, {"model": "hospital.role", "pk": 3, "fields": {"role_name": "Lab Technician Admin", "role_permissions": {"is_admin": true, "can_manage_doctors": false, "can_manage_lab_techs": true, "can_manage_roles": false, "can_create_admin": false}}}, {"model": "hospital.role", "pk": 4, "fields": {"role_name": "Doctor", "role_permissions": {"is_admin": false, "can_manage_doctors": false, "can_manage_lab_techs": false, "can_manage_roles": false, "can_create_admin": false}}}, {"model": "hospital.role", "pk": 5, "fields": {"role_name": "Lab Technician", "role_permissions": {"is_admin": false, "can_manage_doctors": false, "can_manage_lab_techs": false, "can_manage_roles": false, "can_create_admin": false}}}, {"model": "hospital.patient", "pk": 10, "fields": {"patient_name": "Revanth", "patient_email": "ra6857@srmist.edu.in", "patient_mobile": "8778850830", "is_authenticated": true, "patient_remark": "Routine Checkup", "password": "pbkdf2_sha256$1000000$6k5I6olHaPGMS00V3OcHOU$raZ4pCs21PyazUQaNYZH3eZFw3+pKwKY6lh7qowFqSI="}}, {"model": "hospital.patient", "pk": 11, "fields": {"patient_name": "Akshat ", "patient_email": "ak4425@srmist.edu.in", "patient_mobile": "9455276501", "is_authenticated": true, "patient_remark": null, "password": "pbkdf2_sha256$1000000$d9XGL5TIIUhQem6SsAC6Xo$QE8Tg2SeUJiyqfOjn8uB8tmiJVrmO5unZHCBIU0yU90="}}, {"model": "hospital.patient", "pk": 12, "fields": {"patient_name": "Revanth", "patient_email": "hm4144@srmist.edu.in", "patient_mobile": "8778850830", "is_authenticated": true, "patient_remark": null, "password": "pbkdf2_sha256$1000000$hQlW90X4jLkQyjkMjtyqzs$ncqSeC7C1+aSFfMOlLNtJ8o5lsc6bSInwS5FDTc/5P4="}}, {"model": "hospital.patient", "pk": 13, "fields": {"patient_name": "Ashish", "patient_email": "as0332@srmist.edu.in", "patient_mobile": "1234567890", "is_authenticated": true, "patient_remark": null, "password": "pbkdf2_sha256$1000000$JK3jtq7HCqNrMthfZgc4HJ$aZ09s3kgRQ+ybBxrYXtwz+9aurjcHdaxoOiETngWpu4="}}, {"model": "hospital.patient", "pk": 14, "fields": {"patient_name": "Parth", "patient_email": "ps2362@srmist.edu.in", "patient_mobile": "1234567890", "is_authenticated": true, "patient_remark": null, "password": "pbkdf2_sha256$1000000$vsxs8Q64tJ0U8Rld1jzvVm$rsJa00a0Gu4YNNFStGnV0vqf4pjjJdtFRgjI1nJohUA="}}, {"model": "hospital.patient", "pk": 15, "fields": {"patient_name": "PArth", "patient_email": "parthsinhv4@gmail.com", "patient_mobile": "1234567890", "is_authenticated": true, "patient_remark": null, "password": "pbkdf2_sha256$1000000$4LlHrCEH3YomRfJ8YHTb1n$Omv9l9USM1GGE2pas2Pn0xQvenJEc2qhjs0hfaHfwzE="}}, {"model": "hospital.patient", "pk": 16, "fields": {"patient_name": "Vikranth P", "patient_email": "vikranthprathap@gmail.com", "patient_mobile": "9344658240", "is_authenticated": true, "patient_remark": null, "password": "pbkdf2_sha256$1000000$9Zg2nbhAsgg1eXJmdcHCRf$LFyioByUsZJ84rhti2Z44A+9QYiunNuNs3haeCUkhl0="}}, {"model": "hospital.patient", "pk": 17, "fields": {"patient_name": "Akshita", "patient_email": "as0568@srmist.edu.in", "patient_mobile": "9871618879", "is_authenticated": true, "patient_remark": null, "password": "pbkdf2_sha256$1000000$QkXKvBOBfk9un4rnQebN0w$eHj7EhH7jqj/M653OWVZGJD9FM52RQs/R6oczHeixMA="}}, {"model": "hospital.patientdetails", "pk": 5, "fields": {"patient": 10, "patient_dob": "2004-02-12", "patient_gender": true, "patient_blood_group": "AB+", "patient_address": "Null", "profile_photo": "patient_photos/Person1.1.webp"}}, {"model": "hospital.patientdetails", "pk": 6, "fields": {"patient": 12, "patient_dob": "2004-02-12", "patient_gender": true, "patient_blood_group": "AB+", "patient_address": "Null", "profile_photo": ""}}, {"model": "hospital.patientdetails", "pk": 7, "fields": {"patient": 15, "patient_dob": "2004-03-28", "patient_gender": false, "patient_blood_group": "A ", "patient_address": "123 Main St, SRM, Chenani", "profile_photo": ""}}, {"model": "hospital.patientdetails", "pk": 8, "fields": {"patient": 16, "patient_dob": "2024-11-27", "patient_gender": false, "patient_blood_group": "B-", "patient_address": "123 Main St, SRM, Chenani", "profile_photo": ""}}, {"model": "hospital.patientdetails", "pk": 9, "fields": {"patient": 17, "patient_dob": "2005-02-12", "patient_gender": false, "patient_blood_group": "A ", "patient_address": "123 Main St, SRM, Chenani", "profile_photo": ""}}, {"model": "hospital.staff", "pk": "ADMIN539F3911", "fields": {"staff_name": "Akshat Kaushik", "role": 1, "created_at": "2025-04-27", "staff_email": "ak4425@srmist.edu.in", "staff_mobile": "9455276501", "on_leave": false, "is_authenticated": true, "password": "pbkdf2_sha256$1000000$f3vXFWVWDtw27QAJoppscD$pbPrql/n7GAd4GWdrnkW2Y7b5vmOIj2bdBGWDZCQLyI="}}, {"model": "hospital.staff", "pk": "ADMIN8268B2C6", "fields": {"staff_name": "System Admin", "role": 1, "created_at": "2025-04-24", "staff_email": "ra6857@srmist.edu.in", "staff_mobile": "8778850830", "on_leave": false, "is_authenticated": true, "password": "pbkdf2_sha256$1000000$orQKGT794BgLSuVg6ilUEg$N5Zh5/+SnzpGX00XZVg0O53FXPYoAMD1spbBkh6Y3Lg="}}, {"model": "hospital.staff", "pk": "ADMINB7C583D8", "fields": {"staff_name": "System Administrator", "role": 1, "created_at": "2025-04-29", "staff_email": "admin@hospital.com", "staff_mobile": "9999999999", "on_leave": false, "is_authenticated": true, "password": "pbkdf2_sha256$1000000$rYql1q9DXzbFQHxMzXxT6o$XTXpri2J3a1EL6AB+FbR+p3BcYCd68gHXJ+KY8ySep0="}}, {"model": "hospital.staff", "pk": "ADMINE0CFB051", "fields": {"staff_name": "Hariharan Mudaliar", "role": 1, "created_at": "2025-04-29", "staff_email": "hrhn.mudaliar251@gmail.com", "staff_mobile": "9429199029", "on_leave": false, "is_authenticated": true, "password": "pbkdf2_sha256$1000000$oBgaQnoNMqfPENZ7riaOcs$KdLInGY60DpEt7yUsG4l44uJyf59a5KvPxgcO3cZ2IY="}}, {"model": "hospital.staff", "pk": "DOC2417FDFA", "fields": {"staff_name": "Akshat DUtt KAushik", "role": 4, "created_at": "2025-04-28", "staff_email": "akshatdutt1316@gmail.com", "staff_mobile": "1234567890", "on_leave": false, "is_authenticated": true, "password": "pbkdf2_sha256$1000000$hIAWUiZ0xWjyxRlOZ57Zmd$urcZEB6XD8WFDNPl2ankl5vY15WVFfmTv5gHdprz89I="}}, {"model": "hospital.staff", "pk": "DOC2B8DED1A", "fields": {"staff_name": "Dr.Revanth", "role": 4, "created_at": "2025-04-23", "staff_email": "stexrevnish@gmail.com", "staff_mobile": "8778850830", "on_leave": false, "is_authenticated": true, "password": "pbkdf2_sha256$1000000$UDDjVAuzDQnIkl828Boufp$AOASE/L/UaT/i8dLsajFIBV1VfQuOtWB4Mlt45tydPo="}}, {"model": "hospital.staff", "pk": "DOC408FD990", "fields": {"staff_name": "Manvitha", "role": 4, "created_at": "2025-04-28", "staff_email": "mp7081@srmist.edu.in", "staff_mobile": "8861882559", "on_leave": false, "is_authenticated": true, "password": "pbkdf2_sha256$1000000$GQFhfxN44XlR1BPCUaPV6m$uFvefz279FMdqN8fpxunbz1IJPIyJR1iSNn/WLCPNNg="}}, {"model": "hospital.staff", "pk": "DOC491F838F", "fields": {"staff_name": "Dr.Swathi", "role": 4, "created_at": "2025-04-23", "staff_email": "ss8553@srmist.edu.in", "staff_mobile": "8778850830", "on_leave": true, "is_authenticated": true, "password": "pbkdf2_sha256$1000000$s9608j2RQGrDxgiitWt6Bn$F/ghyU76n2tI3aS/1V7ehW6S+2I5RcW0a8/GVuE/n08="}}, {"model": "hospital.staff", "pk": "DOC53F4F397", "fields": {"staff_name": "Dr.Ashis", "role": 4, "created_at": "2025-04-23", "staff_email": "as0332@srmist.edu.in", "staff_mobile": "8778850830", "on_leave": false, "is_authenticated": true, "password": "pbkdf2_sha256$1000000$8TQibxB84KWm8lG2rCRYzi$5RjfrHnObQcU4zUA0R9aKEa/2tal7e7FE1EDcb3RwKw="}}, {"model": "hospital.staff", "pk": "DOC735A4911", "fields": {"staff_name": "Akshita sharma", "role": 4, "created_at": "2025-04-29", "staff_email": "akshitashar012@gmail.com", "staff_mobile": "9871618879", "on_leave": false, "is_authenticated": true, "password": "pbkdf2_sha256$1000000$pbYLCPsRcQomKMYM4r6oT2$kjbCtGoiFjZMx1iMOrWyWm6yBpY4t+KCq7n38vzbZKs="}}, {"model": "hospital.staff", "pk": "DOCC44F4D68", "fields": {"staff_name": "Dr.Hari", "role": 4, "created_at": "2025-04-23", "staff_email": "hm4144@srmist.edu.in", "staff_mobile": "8778850830", "on_leave": false, "is_authenticated": true, "password": "pbkdf2_sha256$1000000$NcLg7WJhYY6bqI1tmdMQoU$yMdH5p2fs5CBN81oI50r9+f+7QH0N3DYyAq4F9j8lcA="}}, {"model": "hospital.staff", "pk": "DOCF30C3018", "fields": {"staff_name": "Dr Gregory House", "role": 4, "created_at": "2025-04-27", "staff_email": "akshatduttk@gmail.com", "staff_mobile": "9455276501", "on_leave": false, "is_authenticated": true, "password": "pbkdf2_sha256$1000000$98GZDBbnfArui04pwfQXyn$dqYFwFNCKIPEiMS4fNJGZfElCklnlDrfpXrDurlpN7Q="}}, {"model": "hospital.staffdetails", "pk": 1, "fields": {"staff": "DOCC44F4D68", "staff_dob": "1974-02-12", "staff_address": "null", "staff_qualification": "MD", "profile_photo": ""}}, {"model": "hospital.staffdetails", "pk": 2, "fields": {"staff": "DOC2B8DED1A", "staff_dob": "1974-02-12", "staff_address": "null", "staff_qualification": "MD", "profile_photo": ""}}, {"model": "hospital.staffdetails", "pk": 3, "fields": {"staff": "DOC491F838F", "staff_dob": "1974-02-12", "staff_address": "Null", "staff_qualification": "MD", "profile_photo": ""}}, {"model": "hospital.staffdetails", "pk": 4, "fields": {"staff": "DOC53F4F397", "staff_dob": "1974-02-12", "staff_address": "Null", "staff_qualification": "MD", "profile_photo": ""}}, {"model": "hospital.staffdetails", "pk": 7, "fields": {"staff": "DOCF30C3018", "staff_dob": "2003-01-13", "staff_address": "Estancia", "staff_qualification": "MD", "profile_photo": ""}}, {"model": "hospital.staffdetails", "pk": 9, "fields": {"staff": "DOC408FD990", "staff_dob": "1995-04-28", "staff_address": "Srm", "staff_qualification": "Ye", "profile_photo": ""}}, {"model": "hospital.staffdetails", "pk": 10, "fields": {"staff": "DOC2417FDFA", "staff_dob": "1995-01-17", "staff_address": "Estancia", "staff_qualification": "MD", "profile_photo": ""}}, {"model": "hospital.staffdetails", "pk": 11, "fields": {"staff": "DOC735A4911", "staff_dob": "2005-02-12", "staff_address": "Chennai", "staff_qualification": "Md", "profile_photo": ""}}, {"model": "hospital.doctortype", "pk": 1, "fields": {"doctor_type": "General Physician", "doctor_type_remark": "First point of contact; handles fevers, infections, headaches, general checkups"}}, {"model": "hospital.doctortype", "pk": 2, "fields": {"doctor_type": "Pediatrician", "doctor_type_remark": "Treats infants, children, and adolescents"}}, {"model": "hospital.doctortype", "pk": 3, "fields": {"doctor_type": "Gynecologist/Obstetrician", "doctor_type_remark": "Women’s reproductive health, pregnancy, and childbirth"}}, {"model": "hospital.doctortype", "pk": 4, "fields": {"doctor_type": "Orthopedic Surgeon", "doctor_type_remark": "Bone fractures, joint issues, musculoskeletal injuries"}}, {"model": "hospital.doctortype", "pk": 5, "fields": {"doctor_type": "General Surgeon", "doctor_type_remark": "Performs routine surgeries (appendicitis, hernia, etc.)"}}, {"model": "hospital.doctortype", "pk": 6, "fields": {"doctor_type": "Anesthesiologist", "doctor_type_remark": "Provides anesthesia during surgeries and pain management"}}, {"model": "hospital.doctortype", "pk": 7, "fields": {"doctor_type": "Radiologist", "doctor_type_remark": "Reads X-rays, MRIs, CT scans, ultrasounds"}}, {"model": "hospital.doctortype", "pk": 8, "fields": {"doctor_type": "Pathologist", "doctor_type_remark": "Analyzes lab results and biopsies for disease diagnosis"}}, {"model": "hospital.doctortype", "pk": 9, "fields": {"doctor_type": "Cardiologist", "doctor_type_remark": "Specializes in heart diseases and conditions"}}, {"model": "hospital.doctortype", "pk": 10, "fields": {"doctor_type": "Dermatologist", "doctor_type_remark": "Skin, hair, and nail disorders"}}, {"model": "hospital.doctortype", "pk": 11, "fields": {"doctor_type": "ENT Specialist", "doctor_type_remark": "Ear, nose, throat problems"}}, {"model": "hospital.doctortype", "pk": 12, "fields": {"doctor_type": "Psychiatrist", "doctor_type_remark": "Mental health disorders (depression, anxiety, etc.)"}}, {"model": "hospital.doctortype", "pk": 13, "fields": {"doctor_type": "Emergency Medicine Specialist", "doctor_type_remark": "Handles trauma, acute medical and surgical emergencies"}}, {"model": "hospital.doctortype", "pk": 14, "fields": {"doctor_type": "Urologist", "doctor_type_remark": "Urinary tract and male reproductive system issues"}}, {"model": "hospital.doctortype", "pk": 15, "fields": {"doctor_type": "Neurologist", "doctor_type_remark": "Brain, spinal cord, and nerve disorders"}}, {"model": "hospital.doctordetails", "pk": "DOC2417FDFA", "fields": {"doctor_specialization": "Cardiology", "doctor_license": "MAD123344", "doctor_experience_years": 4, "doctor_type": 2}}, {"model": "hospital.doctordetails", "pk": "DOC2B8DED1A", "fields": {"doctor_specialization": "Cardiology", "doctor_license": "MED123", "doctor_experience_years": 10, "doctor_type": 1}}, {"model": "hospital.doctordetails", "pk": "DOC408FD990", "fields": {"doctor_specialization": "Radiology", "doctor_license": "282829272829", "doctor_experience_years": 10, "doctor_type": 2}}, {"model": "hospital.doctordetails", "pk": "DOC491F838F", "fields": {"doctor_specialization": "Cardiology", "doctor_license": "MED123", "doctor_experience_years": 10, "doctor_type": 1}}, {"model": "hospital.doctordetails", "pk": "DOC53F4F397", "fields": {"doctor_specialization": "Cardiology", "doctor_license": "MED123", "doctor_experience_years": 10, "doctor_type": 2}}, {"model": "hospital.doctordetails", "pk": "DOC735A4911", "fields": {"doctor_specialization": "Neurology", "doctor_license": "Md12098", "doctor_experience_years": 10, "doctor_type": 2}}, {"model": "hospital.doctordetails", "pk": "DOCC44F4D68", "fields": {"doctor_specialization": "Cardiology", "doctor_license": "MED123", "doctor_experience_years": 10, "doctor_type": 1}}, {"model": "hospital.doctordetails", "pk": "DOCF30C3018", "fields": {"doctor_specialization": "Diagnostician", "doctor_license": "123456", "doctor_experience_years": 4, "doctor_type": 2}}, {"model": "hospital.shift", "pk": 1, "fields": {"shift_name": "Morning", "start_time": "06:00:00", "end_time": "12:00:00"}}, {"model": "hospital.shift", "pk": 2, "fields": {"shift_name": "Afternoon", "start_time": "12:00:00", "end_time": "18:00:00"}}, {"model": "hospital.shift", "pk": 3, "fields": {"shift_name": "Evening", "start_time": "18:00:00", "end_time": "00:00:00"}}, {"model": "hospital.shift", "pk": 4, "fields": {"shift_name": "Night", "start_time": "00:00:00", "end_time": "06:00:00"}}, {"model": "hospital.slot", "pk": 1, "fields": {"slot_start_time": "06:00:00", "slot_duration": 20, "shift": 1, "slot_remark": "Morning Slot starting at 06:00:00"}}, {"model": "hospital.slot", "pk": 2, "fields": {"slot_start_time": "06:20:00", "slot_duration": 20, "shift": 1, "slot_remark": "Morning Slot starting at 06:20:00"}}, {"model": "hospital.slot", "pk": 3, "fields": {"slot_start_time": "06:40:00", "slot_duration": 20, "shift": 1, "slot_remark": "Morning Slot starting at 06:40:00"}}, {"model": "hospital.slot", "pk": 4, "fields": {"slot_start_time": "07:00:00", "slot_duration": 20, "shift": 1, "slot_remark": "Morning Slot starting at 07:00:00"}}, {"model": "hospital.slot", "pk": 5, "fields": {"slot_start_time": "07:20:00", "slot_duration": 20, "shift": 1, "slot_remark": "Morning Slot starting at 07:20:00"}}, {"model": "hospital.slot", "pk": 6, "fields": {"slot_start_time": "07:40:00", "slot_duration": 20, "shift": 1, "slot_remark": "Morning Slot starting at 07:40:00"}}, {"model": "hospital.slot", "pk": 7, "fields": {"slot_start_time": "08:00:00", "slot_duration": 20, "shift": 1, "slot_remark": "Morning Slot starting at 08:00:00"}}, {"model": "hospital.slot", "pk": 8, "fields": {"slot_start_time": "08:20:00", "slot_duration": 20, "shift": 1, "slot_remark": "Morning Slot starting at 08:20:00"}}, {"model": "hospital.slot", "pk": 9, "fields": {"slot_start_time": "08:40:00", "slot_duration": 20, "shift": 1, "slot_remark": "Morning Slot starting at 08:40:00"}}, {"model": "hospital.slot", "pk": 10, "fields": {"slot_start_time": "09:00:00", "slot_duration": 20, "shift": 1, "slot_remark": "Morning Slot starting at 09:00:00"}}, {"model": "hospital.slot", "pk": 11, "fields": {"slot_start_time": "09:20:00", "slot_duration": 20, "shift": 1, "slot_remark": "Morning Slot starting at 09:20:00"}}, {"model": "hospital.slot", "pk": 12, "fields": {"slot_start_time": "09:40:00", "slot_duration": 20, "shift": 1, "slot_remark": "Morning Slot starting at 09:40:00"}}, {"model": "hospital.slot", "pk": 13, "fields": {"slot_start_time": "10:00:00", "slot_duration": 20, "shift": 1, "slot_remark": "Morning Slot starting at 10:00:00"}}, {"model": "hospital.slot", "pk": 14, "fields": {"slot_start_time": "10:20:00", "slot_duration": 20, "shift": 1, "slot_remark": "Morning Slot starting at 10:20:00"}}, {"model": "hospital.slot", "pk": 15, "fields": {"slot_start_time": "10:40:00", "slot_duration": 20, "shift": 1, "slot_remark": "Morning Slot starting at 10:40:00"}}, {"model": "hospital.slot", "pk": 16, "fields": {"slot_start_time": "11:00:00", "slot_duration": 20, "shift": 1, "slot_remark": "Morning Slot starting at 11:00:00"}}, {"model": "hospital.slot", "pk": 17, "fields": {"slot_start_time": "11:20:00", "slot_duration": 20, "shift": 1, "slot_remark": "Morning Slot starting at 11:20:00"}}, {"model": "hospital.slot", "pk": 18, "fields": {"slot_start_time": "11:40:00", "slot_duration": 20, "shift": 1, "slot_remark": "Morning Slot starting at 11:40:00"}}, {"model": "hospital.slot", "pk": 19, "fields": {"slot_start_time": "12:00:00", "slot_duration": 20, "shift": 2, "slot_remark": "Afternoon Slot starting at 12:00:00"}}, {"model": "hospital.slot", "pk": 20, "fields": {"slot_start_time": "12:20:00", "slot_duration": 20, "shift": 2, "slot_remark": "Afternoon Slot starting at 12:20:00"}}, {"model": "hospital.slot", "pk": 21, "fields": {"slot_start_time": "12:40:00", "slot_duration": 20, "shift": 2, "slot_remark": "Afternoon Slot starting at 12:40:00"}}, {"model": "hospital.slot", "pk": 22, "fields": {"slot_start_time": "13:00:00", "slot_duration": 20, "shift": 2, "slot_remark": "Afternoon Slot starting at 13:00:00"}}, {"model": "hospital.slot", "pk": 23, "fields": {"slot_start_time": "13:20:00", "slot_duration": 20, "shift": 2, "slot_remark": "Afternoon Slot starting at 13:20:00"}}, {"model": "hospital.slot", "pk": 24, "fields": {"slot_start_time": "13:40:00", "slot_duration": 20, "shift": 2, "slot_remark": "Afternoon Slot starting at 13:40:00"}}, {"model": "hospital.slot", "pk": 25, "fields": {"slot_start_time": "14:00:00", "slot_duration": 20, "shift": 2, "slot_remark": "Afternoon Slot starting at 14:00:00"}}, {"model": "hospital.slot", "pk": 26, "fields": {"slot_start_time": "14:20:00", "slot_duration": 20, "shift": 2, "slot_remark": "Afternoon Slot starting at 14:20:00"}}, {"model": "hospital.slot", "pk": 27, "fields": {"slot_start_time": "14:40:00", "slot_duration": 20, "shift": 2, "slot_remark": "Afternoon Slot starting at 14:40:00"}}, {"model": "hospital.slot", "pk": 28, "fields": {"slot_start_time": "15:00:00", "slot_duration": 20, "shift": 2, "slot_remark": "Afternoon Slot starting at 15:00:00"}}, {"model": "hospital.slot", "pk": 29, "fields": {"slot_start_time": "15:20:00", "slot_duration": 20, "shift": 2, "slot_remark": "Afternoon Slot starting at 15:20:00"}}, {"model": "hospital.slot", "pk": 30, "fields": {"slot_start_time": "15:40:00", "slot_duration": 20, "shift": 2, "slot_remark": "Afternoon Slot starting at 15:40:00"}}, {"model": "hospital.slot", "pk": 31, "fields": {"slot_start_time": "16:00:00", "slot_duration": 20, "shift": 2, "slot_remark": "Afternoon Slot starting at 16:00:00"}}, {"model": "hospital.slot", "pk": 32, "fields": {"slot_start_time": "16:20:00", "slot_duration": 20, "shift": 2, "slot_remark": "Afternoon Slot starting at 16:20:00"}}, {"model": "hospital.slot", "pk": 33, "fields": {"slot_start_time": "16:40:00", "slot_duration": 20, "shift": 2, "slot_remark": "Afternoon Slot starting at 16:40:00"}}, {"model": "hospital.slot", "pk": 34, "fields": {"slot_start_time": "17:00:00", "slot_duration": 20, "shift": 2, "slot_remark": "Afternoon Slot starting at 17:00:00"}}, {"model": "hospital.slot", "pk": 35, "fields": {"slot_start_time": "17:20:00", "slot_duration": 20, "shift": 2, "slot_remark": "Afternoon Slot starting at 17:20:00"}}, {"model": "hospital.slot", "pk": 36, "fields": {"slot_start_time": "17:40:00", "slot_duration": 20, "shift": 2, "slot_remark": "Afternoon Slot starting at 17:40:00"}}, {"model": "hospital.slot", "pk": 37, "fields": {"slot_start_time": "18:00:00", "slot_duration": 20, "shift": 3, "slot_remark": "Evening Slot starting at 18:00:00"}}, {"model": "hospital.slot", "pk": 38, "fields": {"slot_start_time": "18:20:00", "slot_duration": 20, "shift": 3, "slot_remark": "Evening Slot starting at 18:20:00"}}, {"model": "hospital.slot", "pk": 39, "fields": {"slot_start_time": "18:40:00", "slot_duration": 20, "shift": 3, "slot_remark": "Evening Slot starting at 18:40:00"}}, {"model": "hospital.slot", "pk": 40, "fields": {"slot_start_time": "19:00:00", "slot_duration": 20, "shift": 3, "slot_remark": "Evening Slot starting at 19:00:00"}}, {"model": "hospital.slot", "pk": 41, "fields": {"slot_start_time": "19:20:00", "slot_duration": 20, "shift": 3, "slot_remark": "Evening Slot starting at 19:20:00"}}, {"model": "hospital.slot", "pk": 42, "fields": {"slot_start_time": "19:40:00", "slot_duration": 20, "shift": 3, "slot_remark": "Evening Slot starting at 19:40:00"}}, {"model": "hospital.slot", "pk": 43, "fields": {"slot_start_time": "20:00:00", "slot_duration": 20, "shift": 3, "slot_remark": "Evening Slot starting at 20:00:00"}}, {"model": "hospital.slot", "pk": 44, "fields": {"slot_start_time": "20:20:00", "slot_duration": 20, "shift": 3, "slot_remark": "Evening Slot starting at 20:20:00"}}, {"model": "hospital.slot", "pk": 45, "fields": {"slot_start_time": "20:40:00", "slot_duration": 20, "shift": 3, "slot_remark": "Evening Slot starting at 20:40:00"}}, {"model": "hospital.slot", "pk": 46, "fields": {"slot_start_time": "21:00:00", "slot_duration": 20, "shift": 3, "slot_remark": "Evening Slot starting at 21:00:00"}}, {"model": "hospital.slot", "pk": 47, "fields": {"slot_start_time": "21:20:00", "slot_duration": 20, "shift": 3, "slot_remark": "Evening Slot starting at 21:20:00"}}, {"model": "hospital.slot", "pk": 48, "fields": {"slot_start_time": "21:40:00", "slot_duration": 20, "shift": 3, "slot_remark": "Evening Slot starting at 21:40:00"}}, {"model": "hospital.slot", "pk": 49, "fields": {"slot_start_time": "22:00:00", "slot_duration": 20, "shift": 3, "slot_remark": "Evening Slot starting at 22:00:00"}}, {"model": "hospital.slot", "pk": 50, "fields": {"slot_start_time": "22:20:00", "slot_duration": 20, "shift": 3, "slot_remark": "Evening Slot starting at 22:20:00"}}, {"model": "hospital.slot", "pk": 51, "fields": {"slot_start_time": "22:40:00", "slot_duration": 20, "shift": 3, "slot_remark": "Evening Slot starting at 22:40:00"}}, {"model": "hospital.slot", "pk": 52, "fields": {"slot_start_time": "23:00:00", "slot_duration": 20, "shift": 3, "slot_remark": "Evening Slot starting at 23:00:00"}}, {"model": "hospital.slot", "pk": 53, "fields": {"slot_start_time": "23:20:00", "slot_duration": 20, "shift": 3, "slot_remark": "Evening Slot starting at 23:20:00"}}, {"model": "hospital.slot", "pk": 54, "fields": {"slot_start_time": "23:40:00", "slot_duration": 20, "shift": 3, "slot_remark": "Evening Slot starting at 23:40:00"}}, {"model": "hospital.slot", "pk": 55, "fields": {"slot_start_time": "00:00:00", "slot_duration": 20, "shift": 4, "slot_remark": "Night Slot starting at 00:00:00"}}, {"model": "hospital.slot", "pk": 56, "fields": {"slot_start_time": "00:20:00", "slot_duration": 20, "shift": 4, "slot_remark": "Night Slot starting at 00:20:00"}}, {"model": "hospital.slot", "pk": 57, "fields": {"slot_start_time": "00:40:00", "slot_duration": 20, "shift": 4, "slot_remark": "Night Slot starting at 00:40:00"}}, {"model": "hospital.slot", "pk": 58, "fields": {"slot_start_time": "01:00:00", "slot_duration": 20, "shift": 4, "slot_remark": "Night Slot starting at 01:00:00"}}, {"model": "hospital.slot", "pk": 59, "fields": {"slot_start_time": "01:20:00", "slot_duration": 20, "shift": 4, "slot_remark": "Night Slot starting at 01:20:00"}}, {"model": "hospital.slot", "pk": 60, "fields": {"slot_start_time": "01:40:00", "slot_duration": 20, "shift": 4, "slot_remark": "Night Slot starting at 01:40:00"}}, {"model": "hospital.slot", "pk": 61, "fields": {"slot_start_time": "02:00:00", "slot_duration": 20, "shift": 4, "slot_remark": "Night Slot starting at 02:00:00"}}, {"model": "hospital.slot", "pk": 62, "fields": {"slot_start_time": "02:20:00", "slot_duration": 20, "shift": 4, "slot_remark": "Night Slot starting at 02:20:00"}}, {"model": "hospital.slot", "pk": 63, "fields": {"slot_start_time": "02:40:00", "slot_duration": 20, "shift": 4, "slot_remark": "Night Slot starting at 02:40:00"}}, {"model": "hospital.slot", "pk": 64, "fields": {"slot_start_time": "03:00:00", "slot_duration": 20, "shift": 4, "slot_remark": "Night Slot starting at 03:00:00"}}, {"model": "hospital.slot", "pk": 65, "fields": {"slot_start_time": "03:20:00", "slot_duration": 20, "shift": 4, "slot_remark": "Night Slot starting at 03:20:00"}}, {"model": "hospital.slot", "pk": 66, "fields": {"slot_start_time": "03:40:00", "slot_duration": 20, "shift": 4, "slot_remark": "Night Slot starting at 03:40:00"}}, {"model": "hospital.slot", "pk": 67, "fields": {"slot_start_time": "04:00:00", "slot_duration": 20, "shift": 4, "slot_remark": "Night Slot starting at 04:00:00"}}, {"model": "hospital.slot", "pk": 68, "fields": {"slot_start_time": "04:20:00", "slot_duration": 20, "shift": 4, "slot_remark": "Night Slot starting at 04:20:00"}}, {"model": "hospital.slot", "pk": 69, "fields": {"slot_start_time": "04:40:00", "slot_duration": 20, "shift": 4, "slot_remark": "Night Slot starting at 04:40:00"}}, {"model": "hospital.slot", "pk": 70, "fields": {"slot_start_time": "05:00:00", "slot_duration": 20, "shift": 4, "slot_remark": "Night Slot starting at 05:00:00"}}, {"model": "hospital.slot", "pk": 71, "fields": {"slot_start_time": "05:20:00", "slot_duration": 20, "shift": 4, "slot_remark": "Night Slot starting at 05:20:00"}}, {"model": "hospital.slot", "pk": 72, "fields": {"slot_start_time": "05:40:00", "slot_duration": 20, "shift": 4, "slot_remark": "Night Slot starting at 05:40:00"}}, {"model": "hospital.appointment", "pk": 1, "fields": {"patient": 10, "staff": "DOCC44F4D68", "slot": 2, "tran": null, "created_at": "2025-04-27T03:47:35.768Z", "status": "completed", "reason": null}}, {"model": "hospital.appointment", "pk": 2, "fields": {"patient": 10, "staff": "DOCC44F4D68", "slot": 20, "tran": null, "created_at": "2025-04-27T20:47:40.189Z", "status": "missed", "reason": "Routine Checkup"}}, {"model": "hospital.appointment", "pk": 3, "fields": {"patient": 10, "staff": "DOCC44F4D68", "slot": 26, "tran": null, "created_at": "2025-04-27T21:03:45.445Z", "status": "missed", "reason": "Bad Stomach"}}, {"model": "hospital.appointment", "pk": 4, "fields": {"patient": 10, "staff": "DOCC44F4D68", "slot": 26, "tran": null, "created_at": "2025-04-27T21:34:30.113Z", "status": "missed", "reason": "Ashish"}}, {"model": "hospital.appointment", "pk": 5, "fields": {"patient": 10, "staff": "DOCC44F4D68", "slot": 36, "tran": null, "created_at": "2025-04-27T22:09:20.104Z", "status": "missed", "reason": "Wedfghjk"}}, {"model": "hospital.appointment", "pk": 6, "fields": {"patient": 10, "staff": "DOCC44F4D68", "slot": 36, "tran": null, "created_at": "2025-04-28T03:55:25.898Z", "status": "missed", "reason": "Headache"}}, {"model": "hospital.appointment", "pk": 7, "fields": {"patient": 10, "staff": "DOC491F838F", "slot": 41, "tran": null, "created_at": "2025-04-28T04:22:33.775Z", "status": "missed", "reason": "Headache"}}, {"model": "hospital.appointment", "pk": 8, "fields": {"patient": 16, "staff": "DOCC44F4D68", "slot": 26, "tran": null, "created_at": "2025-04-28T05:49:01.081Z", "status": "missed", "reason": "Heart pain "}}, {"model": "hospital.appointment", "pk": 9, "fields": {"patient": 10, "staff": "DOCC44F4D68", "slot": 35, "tran": null, "created_at": "2025-04-28T07:38:08.692Z", "status": "missed", "reason": "Headache"}}, {"model": "hospital.appointment", "pk": 10, "fields": {"patient": 17, "staff": "DOC735A4911", "slot": 53, "tran": null, "created_at": "2025-04-30T11:37:31.300Z", "status": "missed", "reason": "Headache"}}, {"model": "hospital.patientvitals", "pk": 1, "fields": {"patient": 10, "appointment_id": 1, "patient_height": 170.0, "patient_weight": 70.0, "patient_heartrate": 80, "patient_spo2": 98.0, "patient_temperature": 98.6, "created_at": "2025-04-27T06:09:41.095Z"}}, {"model": "hospital.patientvitals", "pk": 2, "fields": {"patient": 10, "appointment_id": 7, "patient_height": 230.0, "patient_weight": 90.0, "patient_heartrate": 88, "patient_spo2": 98.0, "patient_temperature": 98.0, "created_at": "2025-04-28T04:25:24.105Z"}}, {"model": "hospital.targetorgan", "pk": 1, "fields": {"target_organ_name": "Heart", "target_organ_remark": "This is the heart organ."}}, {"model": "hospital.targetorgan", "pk": 2, "fields": {"target_organ_name": "Lung", "target_organ_remark": "This is the lung organ."}}, {"model": "hospital.targetorgan", "pk": 3, "fields": {"target_organ_name": "Liver", "target_organ_remark": "This is the liver organ."}}, {"model": "hospital.targetorgan", "pk": 4, "fields": {"target_organ_name": "Kidney", "target_organ_remark": "This is the kidney organ."}}, {"model": "hospital.targetorgan", "pk": 5, "fields": {"target_organ_name": "Brain", "target_organ_remark": "This is the brain organ."}}, {"model": "hospital.targetorgan", "pk": 6, "fields": {"target_organ_name": "Stomach", "target_organ_remark": "This is the stomach organ."}}, {"model": "hospital.targetorgan", "pk": 7, "fields": {"target_organ_name": "Pancreas", "target_organ_remark": "This is the pancreas organ."}}, {"model": "hospital.targetorgan", "pk": 8, "fields": {"target_organ_name": "Small Intestine", "target_organ_remark": "This is the small intestine organ."}}, {"model": "hospital.targetorgan", "pk": 9, "fields": {"target_organ_name": "Large Intestine", "target_organ_remark": "This is the large intestine organ."}}, {"model": "hospital.targetorgan", "pk": 10, "fields": {"target_organ_name": "Gallbladder", "target_organ_remark": "This is the gallbladder organ."}}, {"model": "hospital.targetorgan", "pk": 11, "fields": {"target_organ_name": "Bladder", "target_organ_remark": "This is the bladder organ."}}, {"model": "hospital.targetorgan", "pk": 12, "fields": {"target_organ_name": "Spleen", "target_organ_remark": "This is the spleen organ."}}, {"model": "hospital.targetorgan", "pk": 13, "fields": {"target_organ_name": "Esophagus", "target_organ_remark": "This is the esophagus organ."}}, {"model": "hospital.targetorgan", "pk": 14, "fields": {"target_organ_name": "Trachea", "target_organ_remark": "This is the trachea organ."}}, {"model": "hospital.targetorgan", "pk": 15, "fields": {"target_organ_name": "Thyroid", "target_organ_remark": "This is the thyroid organ."}}, {"model": "hospital.targetorgan", "pk": 16, "fields": {"target_organ_name": "Prostate", "target_organ_remark": "This is the prostate organ."}}, {"model": "hospital.targetorgan", "pk": 17, "fields": {"target_organ_name": "Ovary", "target_organ_remark": "This is the ovary organ."}}, {"model": "hospital.targetorgan", "pk": 18, "fields": {"target_organ_name": "Testis", "target_organ_remark": "This is the testis organ."}}, {"model": "hospital.targetorgan", "pk": 19, "fields": {"target_organ_name": "Skin", "target_organ_remark": "This is the skin organ."}}, {"model": "hospital.targetorgan", "pk": 20, "fields": {"target_organ_name": "Eye", "target_organ_remark": "This is the eye organ."}}, {"model": "hospital.targetorgan", "pk": 21, "fields": {"target_organ_name": "Ear", "target_organ_remark": "This is the ear organ."}}, {"model": "hospital.targetorgan", "pk": 22, "fields": {"target_organ_name": "Nose", "target_organ_remark": "This is the nose organ."}}, {"model": "hospital.targetorgan", "pk": 23, "fields": {"target_organ_name": "Tongue", "target_organ_remark": "This is the tongue organ."}}, {"model": "hospital.targetorgan", "pk": 24, "fields": {"target_organ_name": "Diaphragm", "target_organ_remark": "This is the diaphragm organ."}}, {"model": "hospital.targetorgan", "pk": 25, "fields": {"target_organ_name": "Appendix", "target_organ_remark": "This is the appendix organ."}}, {"model": "hospital.targetorgan", "pk": 26, "fields": {"target_organ_name": "Adrenal Gland", "target_organ_remark": "This is the adrenal gland organ."}}, {"model": "hospital.targetorgan", "pk": 27, "fields": {"target_organ_name": "Uterus", "target_organ_remark": "This is the uterus organ."}}, {"model": "hospital.targetorgan", "pk": 28, "fields": {"target_organ_name": "Cervix", "target_organ_remark": "This is the cervix organ."}}, {"model": "hospital.targetorgan", "pk": 29, "fields": {"target_organ_name": "Rectum", "target_organ_remark": "This is the rectum organ."}}, {"model": "hospital.targetorgan", "pk": 30, "fields": {"target_organ_name": "Spinal Cord", "target_organ_remark": "This is the spinal cord organ."}}, {"model": "hospital.targetorgan", "pk": 31, "fields": {"target_organ_name": "Bone Marrow", "target_organ_remark": "This is the bone marrow organ."}}, {"model": "hospital.targetorgan", "pk": 32, "fields": {"target_organ_name": "Blood Vessel", "target_organ_remark": "This is the blood vessel organ."}}, {"model": "hospital.targetorgan", "pk": 33, "fields": {"target_organ_name": "Lymph Node", "target_organ_remark": "This is the lymph node organ."}}, {"model": "hospital.diagnosis", "pk": 1, "fields": {"diagnosis_data": {"organ": "Head", "notes": "Patient reports recurring episodes", "symptoms": ["Headache", "Light sensitivity", "Nausea"]}, "appointment": 1, "lab_test_required": true, "follow_up_required": false}}, {"model": "hospital.schedule", "pk": 1, "fields": {"schedule_date": "2025-04-27", "staff": "DOCC44F4D68", "shift": 1}}, {"model": "hospital.schedule", "pk": 2, "fields": {"schedule_date": "2025-04-27", "staff": "DOCC44F4D68", "shift": 1}}, {"model": "hospital.schedule", "pk": 3, "fields": {"schedule_date": "2025-04-28", "staff": "DOCC44F4D68", "shift": 2}}, {"model": "hospital.schedule", "pk": 4, "fields": {"schedule_date": "2025-04-28", "staff": "DOC53F4F397", "shift": 2}}, {"model": "hospital.schedule", "pk": 5, "fields": {"schedule_date": "2025-04-28", "staff": "DOC491F838F", "shift": 3}}, {"model": "hospital.schedule", "pk": 6, "fields": {"schedule_date": "2025-04-30", "staff": "DOC735A4911", "shift": 3}}, {"model": "hospital.schedule", "pk": 7, "fields": {"schedule_date": "2025-04-30", "staff": "DOC735A4911", "shift": 4}}, {"model": "hospital.medicine", "pk": 1, "fields": {"medicine_name": "Paracetamol", "medicine_remark": "Pain reliever and fever reducer"}}, {"model": "hospital.medicine", "pk": 2, "fields": {"medicine_name": "Ibuprofen", "medicine_remark": "Nonsteroidal anti-inflammatory drug (NSAID)"}}, {"model": "hospital.medicine", "pk": 3, "fields": {"medicine_name": "Amoxicillin", "medicine_remark": "Antibiotic for bacterial infections"}}, {"model": "hospital.medicine", "pk": 4, "fields": {"medicine_name": "Azithromycin", "medicine_remark": "Antibiotic for respiratory infections"}}, {"model": "hospital.medicine", "pk": 5, "fields": {"medicine_name": "Ciprofloxacin", "medicine_remark": "Antibiotic for urinary and respiratory infections"}}, {"model": "hospital.medicine", "pk": 6, "fields": {"medicine_name": "Metformin", "medicine_remark": "Used to treat type 2 diabetes"}}, {"model": "hospital.medicine", "pk": 7, "fields": {"medicine_name": "Amlodipine", "medicine_remark": "Treats high blood pressure and angina"}}, {"model": "hospital.medicine", "pk": 8, "fields": {"medicine_name": "Atorvastatin", "medicine_remark": "Used to lower cholesterol"}}, {"model": "hospital.medicine", "pk": 9, "fields": {"medicine_name": "Omeprazole", "medicine_remark": "Reduces stomach acid"}}, {"model": "hospital.medicine", "pk": 10, "fields": {"medicine_name": "Ranitidine", "medicine_remark": "Treats and prevents ulcers (Withdrawn in some countries)"}}, {"model": "hospital.medicine", "pk": 11, "fields": {"medicine_name": "Cetirizine", "medicine_remark": "Antihistamine for allergy relief"}}, {"model": "hospital.medicine", "pk": 12, "fields": {"medicine_name": "Loratadine", "medicine_remark": "Non-drowsy antihistamine"}}, {"model": "hospital.medicine", "pk": 13, "fields": {"medicine_name": "Salbutamol", "medicine_remark": "Relieves asthma symptoms"}}, {"model": "hospital.medicine", "pk": 14, "fields": {"medicine_name": "Prednisolone", "medicine_remark": "Corticosteroid for inflammation"}}, {"model": "hospital.medicine", "pk": 15, "fields": {"medicine_name": "Clindamycin", "medicine_remark": "Antibiotic for serious infections"}}, {"model": "hospital.medicine", "pk": 16, "fields": {"medicine_name": "Doxycycline", "medicine_remark": "Broad-spectrum antibiotic"}}, {"model": "hospital.medicine", "pk": 17, "fields": {"medicine_name": "Losartan", "medicine_remark": "Lowers high blood pressure"}}, {"model": "hospital.medicine", "pk": 18, "fields": {"medicine_name": "Furosemide", "medicine_remark": "Diuretic for fluid retention"}}, {"model": "hospital.medicine", "pk": 19, "fields": {"medicine_name": "Warfarin", "medicine_remark": "Blood thinner"}}, {"model": "hospital.medicine", "pk": 20, "fields": {"medicine_name": "Insulin Glargine", "medicine_remark": "Long-acting insulin for diabetes"}}, {"model": "hospital.prescription", "pk": 6, "fields": {"appointment": 1, "prescription_remarks": "Take rest and avoid cold food."}}, {"model": "hospital.prescribedmedicine", "pk": 2, "fields": {"prescription": 6, "medicine": 1, "medicine_dosage": {"morning": 1, "afternoon": 0, "evening": 1}, "fasting_required": true}}, {"model": "hospital.prescribedmedicine", "pk": 3, "fields": {"prescription": 6, "medicine": 2, "medicine_dosage": {"morning": 0, "afternoon": 1, "evening": 1}, "fasting_required": false}}, {"model": "accounts.emailotp", "pk": 16, "fields": {"email": "akshatdutt1316@gmail.com", "otp": "849968", "verified": true, "user_type": "patient", "created_at": "2025-04-25T09:24:28.347Z"}}, {"model": "accounts.emailotp", "pk": 17, "fields": {"email": "stexrevnish@gmail.com", "otp": "421153", "verified": false, "user_type": "patient", "created_at": "2025-04-25T09:25:07.213Z"}}, {"model": "accounts.emailotp", "pk": 18, "fields": {"email": "vp8639@srmist.edu.in", "otp": "132325", "verified": false, "user_type": "patient", "created_at": "2025-04-25T09:28:04.974Z"}}, {"model": "accounts.emailotp", "pk": 19, "fields": {"email": "ps2362@srmist.edu.in", "otp": "847759", "verified": true, "user_type": "patient", "created_at": "2025-04-25T09:32:31.190Z"}}, {"model": "accounts.emailotp", "pk": 20, "fields": {"email": "vikranth2704@gmail.com", "otp": "560987", "verified": true, "user_type": "patient", "created_at": "2025-04-25T09:35:08.355Z"}}, {"model": "accounts.emailotp", "pk": 21, "fields": {"email": "as0332@srmist.edu.in", "otp": "253941", "verified": true, "user_type": "patient", "created_at": "2025-04-25T17:33:23.497Z"}}, {"model": "accounts.emailotp", "pk": 22, "fields": {"email": "hm4144@srmist.edu.in", "otp": "080756", "verified": true, "user_type": "patient", "created_at": "2025-04-25T17:34:56.461Z"}}, {"model": "accounts.emailotp", "pk": 23, "fields": {"email": "ra6857@srmist.edu.in", "otp": "944495", "verified": true, "user_type": "patient", "created_at": "2025-04-25T18:10:01.850Z"}}, {"model": "accounts.emailotp", "pk": 24, "fields": {"email": "stexrevnsih@gmail.com", "otp": "490309", "verified": false, "user_type": "patient", "created_at": "2025-04-26T08:41:50.501Z"}}, {"model": "accounts.emailotp", "pk": 25, "fields": {"email": "hm4144@srmist.edu.in", "otp": "603580", "verified": false, "user_type": "staff", "created_at": "2025-04-27T03:35:46.848Z"}}, {"model": "accounts.emailotp", "pk": 26, "fields": {"email": "ra6857@srmist.edu.in", "otp": "775376", "verified": false, "user_type": "Admin", "created_at": "2025-04-27T05:19:45.611Z"}}, {"model": "accounts.emailotp", "pk": 27, "fields": {"email": "ra6857@srmist.edu.in", "otp": "451261", "verified": true, "user_type": "admin", "created_at": "2025-04-27T05:40:53.205Z"}}, {"model": "accounts.emailotp", "pk": 28, "fields": {"email": "ak4425@srmist.edu.in", "otp": "078518", "verified": false, "user_type": "patient", "created_at": "2025-04-27T05:54:49.887Z"}}, {"model": "accounts.emailotp", "pk": 29, "fields": {"email": "ak4425@srmist.edu.in", "otp": "859791", "verified": false, "user_type": "Admin", "created_at": "2025-04-27T13:15:58.994Z"}}, {"model": "accounts.emailotp", "pk": 30, "fields": {"email": "ss8553@srmist.edu.in", "otp": "416056", "verified": false, "user_type": "staff", "created_at": "2025-04-27T15:13:55.387Z"}}, {"model": "accounts.emailotp", "pk": 31, "fields": {"email": "ss8553@srmist.edu.in", "otp": "554504", "verified": true, "user_type": "Staff", "created_at": "2025-04-27T15:43:21.496Z"}}, {"model": "accounts.emailotp", "pk": 32, "fields": {"email": "ak4425@srmist.edu.in", "otp": "983159", "verified": true, "user_type": "admin", "created_at": "2025-04-27T17:55:27.901Z"}}, {"model": "accounts.emailotp", "pk": 33, "fields": {"email": "parthsinhv4@gmail.com", "otp": "977292", "verified": true, "user_type": "patient", "created_at": "2025-04-27T19:12:10.241Z"}}, {"model": "accounts.emailotp", "pk": 34, "fields": {"email": "as0332@srmist.edu.in", "otp": "226952", "verified": false, "user_type": "staff", "created_at": "2025-04-27T20:23:37.972Z"}}, {"model": "accounts.emailotp", "pk": 35, "fields": {"email": "akshatdutt1316@gmail.com", "otp": "182615", "verified": true, "user_type": "staff", "created_at": "2025-04-28T05:05:18.798Z"}}, {"model": "accounts.emailotp", "pk": 36, "fields": {"email": "vikranthprathap@gmail.com", "otp": "158943", "verified": true, "user_type": "patient", "created_at": "2025-04-28T05:44:15.840Z"}}, {"model": "accounts.emailotp", "pk": 37, "fields": {"email": "akshitashar012@gmail.com", "otp": "856785", "verified": true, "user_type": "staff", "created_at": "2025-04-29T10:00:56.915Z"}}, {"model": "accounts.emailotp", "pk": 38, "fields": {"email": "as0568@srmist.edu.in", "otp": "419508", "verified": true, "user_type": "patient", "created_at": "2025-04-30T11:22:08.982Z"}}, {"model": "auth.permission", "fields": {"name": "Can add log entry", "content_type": ["admin", "logentry"], "codename": "add_logentry"}}, {"model": "auth.permission", "fields": {"name": "Can change log entry", "content_type": ["admin", "logentry"], "codename": "change_logentry"}}, {"model": "auth.permission", "fields": {"name": "Can delete log entry", "content_type": ["admin", "logentry"], "codename": "delete_logentry"}}, {"model": "auth.permission", "fields": {"name": "Can view log entry", "content_type": ["admin", "logentry"], "codename": "view_logentry"}}, {"model": "auth.permission", "fields": {"name": "Can add permission", "content_type": ["auth", "permission"], "codename": "add_permission"}}, {"model": "auth.permission", "fields": {"name": "Can change permission", "content_type": ["auth", "permission"], "codename": "change_permission"}}, {"model": "auth.permission", "fields": {"name": "Can delete permission", "content_type": ["auth", "permission"], "codename": "delete_permission"}}, {"model": "auth.permission", "fields": {"name": "Can view permission", "content_type": ["auth", "permission"], "codename": "view_permission"}}, {"model": "auth.permission", "fields": {"name": "Can add group", "content_type": ["auth", "group"], "codename": "add_group"}}, {"model": "auth.permission", "fields": {"name": "Can change group", "content_type": ["auth", "group"], "codename": "change_group"}}, {"model": "auth.permission", "fields": {"name": "Can delete group", "content_type": ["auth", "group"], "codename": "delete_group"}}, {"model": "auth.permission", "fields": {"name": "Can view group", "content_type": ["auth", "group"], "codename": "view_group"}}, {"model": "auth.permission", "fields": {"name": "Can add user", "content_type": ["auth", "user"], "codename": "add_user"}}, {"model": "auth.permission", "fields": {"name": "Can change user", "content_type": ["auth", "user"], "codename": "change_user"}}, {"model": "auth.permission", "fields": {"name": "Can delete user", "content_type": ["auth", "user"], "codename": "delete_user"}}, {"model": "auth.permission", "fields": {"name": "Can view user", "content_type": ["auth", "user"], "codename": "view_user"}}, {"model": "auth.permission", "fields": {"name": "Can add content type", "content_type": ["contenttypes", "contenttype"], "codename": "add_contenttype"}}, {"model": "auth.permission", "fields": {"name": "Can change content type", "content_type": ["contenttypes", "contenttype"], "codename": "change_contenttype"}}, {"model": "auth.permission", "fields": {"name": "Can delete content type", "content_type": ["contenttypes", "contenttype"], "codename": "delete_contenttype"}}, {"model": "auth.permission", "fields": {"name": "Can view content type", "content_type": ["contenttypes", "contenttype"], "codename": "view_contenttype"}}, {"model": "auth.permission", "fields": {"name": "Can add session", "content_type": ["sessions", "session"], "codename": "add_session"}}, {"model": "auth.permission", "fields": {"name": "Can change session", "content_type": ["sessions", "session"], "codename": "change_session"}}, {"model": "auth.permission", "fields": {"name": "Can delete session", "content_type": ["sessions", "session"], "codename": "delete_session"}}, {"model": "auth.permission", "fields": {"name": "Can view session", "content_type": ["sessions", "session"], "codename": "view_session"}}, {"model": "auth.permission", "fields": {"name": "Can add staff", "content_type": ["hospital", "staff"], "codename": "add_staff"}}, {"model": "auth.permission", "fields": {"name": "Can change staff", "content_type": ["hospital", "staff"], "codename": "change_staff"}}, {"model": "auth.permission", "fields": {"name": "Can delete staff", "content_type": ["hospital", "staff"], "codename": "delete_staff"}}, {"model": "auth.permission", "fields": {"name": "Can view staff", "content_type": ["hospital", "staff"], "codename": "view_staff"}}, {"model": "auth.permission", "fields": {"name": "Can add doctor type", "content_type": ["hospital", "doctortype"], "codename": "add_doctortype"}}, {"model": "auth.permission", "fields": {"name": "Can change doctor type", "content_type": ["hospital", "doctortype"], "codename": "change_doctortype"}}, {"model": "auth.permission", "fields": {"name": "Can delete doctor type", "content_type": ["hospital", "doctortype"], "codename": "delete_doctortype"}}, {"model": "auth.permission", "fields": {"name": "Can view doctor type", "content_type": ["hospital", "doctortype"], "codename": "view_doctortype"}}, {"model": "auth.permission", "fields": {"name": "Can add patient", "content_type": ["hospital", "patient"], "codename": "add_patient"}}, {"model": "auth.permission", "fields": {"name": "Can change patient", "content_type": ["hospital", "patient"], "codename": "change_patient"}}, {"model": "auth.permission", "fields": {"name": "Can delete patient", "content_type": ["hospital", "patient"], "codename": "delete_patient"}}, {"model": "auth.permission", "fields": {"name": "Can view patient", "content_type": ["hospital", "patient"], "codename": "view_patient"}}, {"model": "auth.permission", "fields": {"name": "Can add role", "content_type": ["hospital", "role"], "codename": "add_role"}}, {"model": "auth.permission", "fields": {"name": "Can change role", "content_type": ["hospital", "role"], "codename": "change_role"}}, {"model": "auth.permission", "fields": {"name": "Can delete role", "content_type": ["hospital", "role"], "codename": "delete_role"}}, {"model": "auth.permission", "fields": {"name": "Can view role", "content_type": ["hospital", "role"], "codename": "view_role"}}, {"model": "auth.permission", "fields": {"name": "Can add lab technician details", "content_type": ["hospital", "labtechniciandetails"], "codename": "add_labtechniciandetails"}}, {"model": "auth.permission", "fields": {"name": "Can change lab technician details", "content_type": ["hospital", "labtechniciandetails"], "codename": "change_labtechniciandetails"}}, {"model": "auth.permission", "fields": {"name": "Can delete lab technician details", "content_type": ["hospital", "labtechniciandetails"], "codename": "delete_labtechniciandetails"}}, {"model": "auth.permission", "fields": {"name": "Can view lab technician details", "content_type": ["hospital", "labtechniciandetails"], "codename": "view_labtechniciandetails"}}, {"model": "auth.permission", "fields": {"name": "Can add appointment", "content_type": ["hospital", "appointment"], "codename": "add_appointment"}}, {"model": "auth.permission", "fields": {"name": "Can change appointment", "content_type": ["hospital", "appointment"], "codename": "change_appointment"}}, {"model": "auth.permission", "fields": {"name": "Can delete appointment", "content_type": ["hospital", "appointment"], "codename": "delete_appointment"}}, {"model": "auth.permission", "fields": {"name": "Can view appointment", "content_type": ["hospital", "appointment"], "codename": "view_appointment"}}, {"model": "auth.permission", "fields": {"name": "Can add patient details", "content_type": ["hospital", "patientdetails"], "codename": "add_patientdetails"}}, {"model": "auth.permission", "fields": {"name": "Can change patient details", "content_type": ["hospital", "patientdetails"], "codename": "change_patientdetails"}}, {"model": "auth.permission", "fields": {"name": "Can delete patient details", "content_type": ["hospital", "patientdetails"], "codename": "delete_patientdetails"}}, {"model": "auth.permission", "fields": {"name": "Can view patient details", "content_type": ["hospital", "patientdetails"], "codename": "view_patientdetails"}}, {"model": "auth.permission", "fields": {"name": "Can add patient vitals", "content_type": ["hospital", "patientvitals"], "codename": "add_patientvitals"}}, {"model": "auth.permission", "fields": {"name": "Can change patient vitals", "content_type": ["hospital", "patientvitals"], "codename": "change_patientvitals"}}, {"model": "auth.permission", "fields": {"name": "Can delete patient vitals", "content_type": ["hospital", "patientvitals"], "codename": "delete_patientvitals"}}, {"model": "auth.permission", "fields": {"name": "Can view patient vitals", "content_type": ["hospital", "patientvitals"], "codename": "view_patientvitals"}}, {"model": "auth.permission", "fields": {"name": "Can add staff details", "content_type": ["hospital", "staffdetails"], "codename": "add_staffdetails"}}, {"model": "auth.permission", "fields": {"name": "Can change staff details", "content_type": ["hospital", "staffdetails"], "codename": "change_staffdetails"}}, {"model": "auth.permission", "fields": {"name": "Can delete staff details", "content_type": ["hospital", "staffdetails"], "codename": "delete_staffdetails"}}, {"model": "auth.permission", "fields": {"name": "Can view staff details", "content_type": ["hospital", "staffdetails"], "codename": "view_staffdetails"}}, {"model": "auth.permission", "fields": {"name": "Can add doctor details", "content_type": ["hospital", "doctordetails"], "codename": "add_doctordetails"}}, {"model": "auth.permission", "fields": {"name": "Can change doctor details", "content_type": ["hospital", "doctordetails"], "codename": "change_doctordetails"}}, {"model": "auth.permission", "fields": {"name": "Can delete doctor details", "content_type": ["hospital", "doctordetails"], "codename": "delete_doctordetails"}}, {"model": "auth.permission", "fields": {"name": "Can view doctor details", "content_type": ["hospital", "doctordetails"], "codename": "view_doctordetails"}}, {"model": "auth.permission", "fields": {"name": "Can add email otp", "content_type": ["accounts", "emailotp"], "codename": "add_emailotp"}}, {"model": "auth.permission", "fields": {"name": "Can change email otp", "content_type": ["accounts", "emailotp"], "codename": "change_emailotp"}}, {"model": "auth.permission", "fields": {"name": "Can delete email otp", "content_type": ["accounts", "emailotp"], "codename": "delete_emailotp"}}, {"model": "auth.permission", "fields": {"name": "Can view email otp", "content_type": ["accounts", "emailotp"], "codename": "view_emailotp"}}, {"model": "auth.permission", "fields": {"name": "Can add lab", "content_type": ["hospital", "lab"], "codename": "add_lab"}}, {"model": "auth.permission", "fields": {"name": "Can change lab", "content_type": ["hospital", "lab"], "codename": "change_lab"}}, {"model": "auth.permission", "fields": {"name": "Can delete lab", "content_type": ["hospital", "lab"], "codename": "delete_lab"}}, {"model": "auth.permission", "fields": {"name": "Can view lab", "content_type": ["hospital", "lab"], "codename": "view_lab"}}, {"model": "auth.permission", "fields": {"name": "Can add lab test category", "content_type": ["hospital", "labtestcategory"], "codename": "add_labtestcategory"}}, {"model": "auth.permission", "fields": {"name": "Can change lab test category", "content_type": ["hospital", "labtestcategory"], "codename": "change_labtestcategory"}}, {"model": "auth.permission", "fields": {"name": "Can delete lab test category", "content_type": ["hospital", "labtestcategory"], "codename": "delete_labtestcategory"}}, {"model": "auth.permission", "fields": {"name": "Can view lab test category", "content_type": ["hospital", "labtestcategory"], "codename": "view_labtestcategory"}}, {"model": "auth.permission", "fields": {"name": "Can add lab type", "content_type": ["hospital", "labtype"], "codename": "add_labtype"}}, {"model": "auth.permission", "fields": {"name": "Can change lab type", "content_type": ["hospital", "labtype"], "codename": "change_labtype"}}, {"model": "auth.permission", "fields": {"name": "Can delete lab type", "content_type": ["hospital", "labtype"], "codename": "delete_labtype"}}, {"model": "auth.permission", "fields": {"name": "Can view lab type", "content_type": ["hospital", "labtype"], "codename": "view_labtype"}}, {"model": "auth.permission", "fields": {"name": "Can add medicine", "content_type": ["hospital", "medicine"], "codename": "add_medicine"}}, {"model": "auth.permission", "fields": {"name": "Can change medicine", "content_type": ["hospital", "medicine"], "codename": "change_medicine"}}, {"model": "auth.permission", "fields": {"name": "Can delete medicine", "content_type": ["hospital", "medicine"], "codename": "delete_medicine"}}, {"model": "auth.permission", "fields": {"name": "Can view medicine", "content_type": ["hospital", "medicine"], "codename": "view_medicine"}}, {"model": "auth.permission", "fields": {"name": "Can add shift", "content_type": ["hospital", "shift"], "codename": "add_shift"}}, {"model": "auth.permission", "fields": {"name": "Can change shift", "content_type": ["hospital", "shift"], "codename": "change_shift"}}, {"model": "auth.permission", "fields": {"name": "Can delete shift", "content_type": ["hospital", "shift"], "codename": "delete_shift"}}, {"model": "auth.permission", "fields": {"name": "Can view shift", "content_type": ["hospital", "shift"], "codename": "view_shift"}}, {"model": "auth.permission", "fields": {"name": "Can add target organ", "content_type": ["hospital", "targetorgan"], "codename": "add_targetorgan"}}, {"model": "auth.permission", "fields": {"name": "Can change target organ", "content_type": ["hospital", "targetorgan"], "codename": "change_targetorgan"}}, {"model": "auth.permission", "fields": {"name": "Can delete target organ", "content_type": ["hospital", "targetorgan"], "codename": "delete_targetorgan"}}, {"model": "auth.permission", "fields": {"name": "Can view target organ", "content_type": ["hospital", "targetorgan"], "codename": "view_targetorgan"}}, {"model": "auth.permission", "fields": {"name": "Can add diagnosis", "content_type": ["hospital", "diagnosis"], "codename": "add_diagnosis"}}, {"model": "auth.permission", "fields": {"name": "Can change diagnosis", "content_type": ["hospital", "diagnosis"], "codename": "change_diagnosis"}}, {"model": "auth.permission", "fields": {"name": "Can delete diagnosis", "content_type": ["hospital", "diagnosis"], "codename": "delete_diagnosis"}}, {"model": "auth.permission", "fields": {"name": "Can view diagnosis", "content_type": ["hospital", "diagnosis"], "codename": "view_diagnosis"}}, {"model": "auth.permission", "fields": {"name": "Can add follow up", "content_type": ["hospital", "followup"], "codename": "add_followup"}}, {"model": "auth.permission", "fields": {"name": "Can change follow up", "content_type": ["hospital", "followup"], "codename": "change_followup"}}, {"model": "auth.permission", "fields": {"name": "Can delete follow up", "content_type": ["hospital", "followup"], "codename": "delete_followup"}}, {"model": "auth.permission", "fields": {"name": "Can view follow up", "content_type": ["hospital", "followup"], "codename": "view_followup"}}, {"model": "auth.permission", "fields": {"name": "Can add lab test type", "content_type": ["hospital", "labtesttype"], "codename": "add_labtesttype"}}, {"model": "auth.permission", "fields": {"name": "Can change lab test type", "content_type": ["hospital", "labtesttype"], "codename": "change_labtesttype"}}, {"model": "auth.permission", "fields": {"name": "Can delete lab test type", "content_type": ["hospital", "labtesttype"], "codename": "delete_labtesttype"}}, {"model": "auth.permission", "fields": {"name": "Can view lab test type", "content_type": ["hospital", "labtesttype"], "codename": "view_labtesttype"}}, {"model": "auth.permission", "fields": {"name": "Can add lab test", "content_type": ["hospital", "labtest"], "codename": "add_labtest"}}, {"model": "auth.permission", "fields": {"name": "Can change lab test", "content_type": ["hospital", "labtest"], "codename": "change_labtest"}}, {"model": "auth.permission", "fields": {"name": "Can delete lab test", "content_type": ["hospital", "labtest"], "codename": "delete_labtest"}}, {"model": "auth.permission", "fields": {"name": "Can view lab test", "content_type": ["hospital", "labtest"], "codename": "view_labtest"}}, {"model": "auth.permission", "fields": {"name": "Can add leave", "content_type": ["hospital", "leave"], "codename": "add_leave"}}, {"model": "auth.permission", "fields": {"name": "Can change leave", "content_type": ["hospital", "leave"], "codename": "change_leave"}}, {"model": "auth.permission", "fields": {"name": "Can delete leave", "content_type": ["hospital", "leave"], "codename": "delete_leave"}}, {"model": "auth.permission", "fields": {"name": "Can view leave", "content_type": ["hospital", "leave"], "codename": "view_leave"}}, {"model": "auth.permission", "fields": {"name": "Can add prescription", "content_type": ["hospital", "prescription"], "codename": "add_prescription"}}, {"model": "auth.permission", "fields": {"name": "Can change prescription", "content_type": ["hospital", "prescription"], "codename": "change_prescription"}}, {"model": "auth.permission", "fields": {"name": "Can delete prescription", "content_type": ["hospital", "prescription"], "codename": "delete_prescription"}}, {"model": "auth.permission", "fields": {"name": "Can view prescription", "content_type": ["hospital", "prescription"], "codename": "view_prescription"}}, {"model": "auth.permission", "fields": {"name": "Can add prescribed medicine", "content_type": ["hospital", "prescribedmedicine"], "codename": "add_prescribedmedicine"}}, {"model": "auth.permission", "fields": {"name": "Can change prescribed medicine", "content_type": ["hospital", "prescribedmedicine"], "codename": "change_prescribedmedicine"}}, {"model": "auth.permission", "fields": {"name": "Can delete prescribed medicine", "content_type": ["hospital", "prescribedmedicine"], "codename": "delete_prescribedmedicine"}}, {"model": "auth.permission", "fields": {"name": "Can view prescribed medicine", "content_type": ["hospital", "prescribedmedicine"], "codename": "view_prescribedmedicine"}}, {"model": "auth.permission", "fields": {"name": "Can add schedule", "content_type": ["hospital", "schedule"], "codename": "add_schedule"}}, {"model": "auth.permission", "fields": {"name": "Can change schedule", "content_type": ["hospital", "schedule"], "codename": "change_schedule"}}, {"model": "auth.permission", "fields": {"name": "Can delete schedule", "content_type": ["hospital", "schedule"], "codename": "delete_schedule"}}, {"model": "auth.permission", "fields": {"name": "Can view schedule", "content_type": ["hospital", "schedule"], "codename": "view_schedule"}}, {"model": "auth.permission", "fields": {"name": "Can add slot", "content_type": ["hospital", "slot"], "codename": "add_slot"}}, {"model": "auth.permission", "fields": {"name": "Can change slot", "content_type": ["hospital", "slot"], "codename": "change_slot"}}, {"model": "auth.permission", "fields": {"name": "Can delete slot", "content_type": ["hospital", "slot"], "codename": "delete_slot"}}, {"model": "auth.permission", "fields": {"name": "Can view slot", "content_type": ["hospital", "slot"], "codename": "view_slot"}}, {"model": "auth.permission", "fields": {"name": "Can add transaction", "content_type": ["transactions", "transaction"], "codename": "add_transaction"}}, {"model": "auth.permission", "fields": {"name": "Can change transaction", "content_type": ["transactions", "transaction"], "codename": "change_transaction"}}, {"model": "auth.permission", "fields": {"name": "Can delete transaction", "content_type": ["transactions", "transaction"], "codename": "delete_transaction"}}, {"model": "auth.permission", "fields": {"name": "Can view transaction", "content_type": ["transactions", "transaction"], "codename": "view_transaction"}}]